<?xml version='1.0' encoding='UTF-8'?>
<result plugin="junit@1.20">
  <suites>
    <suite>
      <file>/var/lib/jenkins/workspace/JobNumberTwo/test-reports/TEST-test_calc-20170719174831.xml</file>
      <name>test_calc-20170719174831</name>
      <stdout>
Division by zero
	</stdout>
      <stderr>
	</stderr>
      <duration>0.0</duration>
      <time>0.000</time>
      <cases>
        <case>
          <duration>0.0</duration>
          <className>test_calc</className>
          <testName>test_calculate</testName>
          <skipped>false</skipped>
          <failedSince>0</failedSince>
        </case>
        <case>
          <duration>0.0</duration>
          <className>test_calc</className>
          <testName>test_divide</testName>
          <skipped>false</skipped>
          <errorStackTrace>
Traceback (most recent call last):
  File &quot;Unit_Tests/test.py&quot;, line 6, in test_divide
    self.assertEqual(calculator.divide(7, 3), 3)
AssertionError: 2 != 3
		</errorStackTrace>
          <errorDetails>2 != 3</errorDetails>
          <failedSince>0</failedSince>
        </case>
      </cases>
    </suite>
  </suites>
  <duration>0.0</duration>
  <keepLongStdio>true</keepLongStdio>
</result>