<?xml version='1.0' encoding='UTF-8'?>
<result plugin="junit@1.20">
  <suites>
    <suite>
      <file>/var/lib/jenkins/workspace/JobNumberTwo/test-reports/TEST-test_calc-20170719174436.xml</file>
      <name>test_calc-20170719174436</name>
      <stdout>
Division by zero
Division by zero
	</stdout>
      <stderr>
	</stderr>
      <duration>0.0</duration>
      <time>0.000</time>
      <cases>
        <case>
          <duration>0.0</duration>
          <className>test_calc</className>
          <testName>test_calculate</testName>
          <skipped>false</skipped>
          <failedSince>0</failedSince>
        </case>
        <case>
          <duration>0.0</duration>
          <className>test_calc</className>
          <testName>test_divide</testName>
          <skipped>false</skipped>
          <failedSince>0</failedSince>
        </case>
      </cases>
    </suite>
  </suites>
  <duration>0.0</duration>
  <keepLongStdio>false</keepLongStdio>
</result>